team_1;team_2;t1_p1_condition;t1_p2_condition;t2_p1_condition;t2_p2_condition;score
David/Moel;Wawo/Angga;Recovery;Injured;Injured;Sick;'2-0
Arya/David;Dennis/Eka;Injured;Fit;Fit;Injured;'2-1
Eka/David;Wawo/Arya;Fit;Recovery;Recovery;Fit;'1-2
David/Eka;Wirawan/Arya;Sick;Fit;Injured;Recovery;'2-1
Wawo/Arya;Eka/Dennis;Injured;Sick;Fit;Injured;'1-2
Eka/Moel;Angga/Wawo;Fit;Fit;Recovery;Injured;'2-0
Angga/Dennis;Wirawan/Wawo;Injured;Injured;Fit;Recovery;'2-1
David/Angga;Arya/Wirawan;Injured;Injured;Injured;Sick;'1-2
Moel/Wawo;Dennis/David;Sick;Sick;Recovery;Recovery;'1-2
Arya/David;Wawo/Angga;Sick;Fit;Recovery;Fit;'2-0
Wirawan/David;Wawo/Angga;Recovery;Sick;Sick;Injured;'2-0
Arya/Eka;Wirawan/David;Recovery;Injured;Injured;Fit;'1-2
Eka/Angga;Wirawan/Wawo;Recovery;Injured;Sick;Injured;'0-2
David/Moel;Arya/Angga;Injured;Recovery;Fit;Fit;'0-2
Moel/Eka;Dennis/David;Fit;Sick;Fit;Recovery;'2-0
David/Arya;Wawo/Moel;Recovery;Sick;Fit;Recovery;'2-0
Dennis/Wirawan;Angga/Arya;Injured;Recovery;Injured;Fit;'2-0
Wirawan/Arya;Moel/Dennis;Sick;Injured;Recovery;Injured;'2-1
Wirawan/Dennis;Arya/Moel;Injured;Injured;Injured;Fit;'2-1
Wirawan/Arya;Moel/Eka;Injured;Sick;Sick;Recovery;'0-2
Eka/David;Moel/Angga;Fit;Fit;Fit;Recovery;'2-1
Arya/Eka;Wirawan/Wawo;Injured;Recovery;Injured;Recovery;'2-1
Dennis/Wirawan;Moel/Eka;Fit;Fit;Recovery;Recovery;'1-2
Arya/David;Wawo/Moel;Recovery;Recovery;Recovery;Sick;'1-2
Arya/Moel;Wawo/Eka;Recovery;Fit;Fit;Injured;'2-0
Dennis/Moel;Eka/Wawo;Fit;Injured;Injured;Sick;'2-1
Arya/Angga;Eka/Moel;Injured;Fit;Sick;Recovery;'2-0
Angga/Arya;David/Dennis;Recovery;Sick;Sick;Injured;'0-2
Wawo/Wirawan;Dennis/Eka;Fit;Injured;Fit;Recovery;'2-0
Wawo/Eka;Arya/David;Fit;Fit;Fit;Injured;'0-2
Moel/Wawo;Dennis/Arya;Sick;Recovery;Injured;Injured;'2-0
Wirawan/Angga;David/Arya;Fit;Injured;Recovery;Sick;'2-1
Eka/Dennis;Wawo/Arya;Injured;Fit;Sick;Sick;'2-1
Eka/David;Dennis/Wirawan;Sick;Sick;Sick;Injured;'2-0
Wirawan/Moel;Wawo/Eka;Recovery;Fit;Injured;Sick;'2-0
Wawo/Dennis;Arya/David;Recovery;Fit;Sick;Recovery;'2-0
Moel/Wawo;Wirawan/Dennis;Fit;Recovery;Fit;Recovery;'2-1
Angga/Wawo;Wirawan/Eka;Injured;Injured;Fit;Sick;'1-2
Arya/Wirawan;Dennis/Eka;Sick;Injured;Recovery;Sick;'1-2
Moel/Angga;Dennis/Eka;Fit;Fit;Injured;Sick;'1-2
Arya/David;Moel/Wirawan;Sick;Recovery;Fit;Fit;'0-2
Moel/Angga;Eka/Dennis;Fit;Recovery;Injured;Fit;'2-0
Eka/Angga;Wirawan/Arya;Fit;Fit;Injured;Sick;'0-2
Moel/Angga;David/Eka;Recovery;Sick;Sick;Recovery;'2-0
Eka/Arya;Dennis/David;Injured;Injured;Sick;Sick;'2-1
David/Wirawan;Angga/Wawo;Fit;Injured;Recovery;Recovery;'2-0
Wirawan/Wawo;David/Eka;Sick;Sick;Recovery;Recovery;'2-0
Angga/Wirawan;Wawo/Moel;Injured;Fit;Fit;Injured;'2-1
Moel/Wawo;Wirawan/Eka;Recovery;Sick;Recovery;Recovery;'0-2
Moel/Eka;Arya/Wawo;Fit;Injured;Sick;Recovery;'0-2
Wirawan/Dennis;Eka/Arya;Sick;Sick;Injured;Sick;'0-2
Angga/Eka;Arya/Wawo;Sick;Fit;Fit;Recovery;'1-2
Wirawan/Dennis;Arya/Wawo;Injured;Recovery;Fit;Sick;'1-2
Wirawan/Arya;Angga/David;Sick;Injured;Recovery;Injured;'0-2
Arya/Wirawan;David/Moel;Fit;Sick;Fit;Sick;'2-1
Arya/Wirawan;Angga/Dennis;Recovery;Recovery;Fit;Injured;'0-2
Dennis/Wirawan;Angga/David;Injured;Fit;Fit;Fit;'2-1
David/Angga;Arya/Dennis;Fit;Sick;Injured;Injured;'2-1
Moel/Arya;Wirawan/David;Injured;Injured;Injured;Recovery;'2-1
Moel/Arya;Dennis/David;Fit;Injured;Fit;Fit;'2-0
Eka/Dennis;David/Wirawan;Injured;Recovery;Sick;Sick;'0-2
Dennis/Angga;Wawo/Wirawan;Recovery;Injured;Recovery;Fit;'2-0
Angga/Eka;Arya/David;Injured;Injured;Sick;Injured;'2-0
Arya/Wirawan;Angga/Eka;Recovery;Sick;Recovery;Fit;'1-2
David/Arya;Dennis/Eka;Injured;Sick;Injured;Fit;'2-0
Arya/Angga;Moel/Wawo;Injured;Injured;Recovery;Injured;'2-0
Angga/Eka;Moel/Arya;Injured;Sick;Injured;Recovery;'0-2
Wawo/Wirawan;Moel/Dennis;Injured;Sick;Sick;Fit;'2-0
David/Wirawan;Wawo/Moel;Injured;Fit;Sick;Fit;'0-2
Wirawan/Arya;Dennis/Wawo;Injured;Sick;Injured;Injured;'0-2
Arya/Angga;Dennis/Wawo;Sick;Injured;Recovery;Recovery;'2-0
David/Dennis;Wawo/Angga;Recovery;Sick;Recovery;Recovery;'1-2
Arya/David;Moel/Wawo;Injured;Injured;Recovery;Sick;'2-1
Dennis/Wawo;Wirawan/Angga;Sick;Recovery;Sick;Fit;'2-1
Moel/Angga;Dennis/Eka;Sick;Recovery;Injured;Sick;'2-1
David/Eka;Dennis/Angga;Sick;Fit;Injured;Recovery;'1-2
David/Moel;Dennis/Wawo;Recovery;Sick;Recovery;Fit;'2-0
Wirawan/Dennis;Eka/Arya;Injured;Injured;Fit;Recovery;'2-0
Moel/David;Arya/Eka;Sick;Sick;Fit;Fit;'0-2
Moel/Angga;Dennis/Arya;Recovery;Injured;Fit;Fit;'0-2
Wirawan/Arya;Angga/Eka;Sick;Fit;Sick;Fit;'2-0
Moel/Wawo;Dennis/Arya;Fit;Injured;Fit;Recovery;'2-1
Arya/Dennis;David/Moel;Injured;Sick;Injured;Recovery;'2-1
Wawo/Eka;Dennis/Moel;Recovery;Recovery;Injured;Sick;'2-0
Wirawan/Arya;David/Moel;Fit;Sick;Fit;Fit;'1-2
Arya/Wirawan;Angga/Moel;Fit;Injured;Injured;Recovery;'0-2
Eka/David;Arya/Wirawan;Sick;Injured;Sick;Sick;'1-2
Angga/Moel;Arya/Wawo;Sick;Sick;Fit;Recovery;'1-2
Angga/Arya;David/Wawo;Sick;Injured;Recovery;Recovery;'2-0
Dennis/Moel;Arya/Wawo;Sick;Sick;Sick;Injured;'0-2
Dennis/Moel;Eka/Wirawan;Sick;Sick;Sick;Recovery;'1-2
David/Arya;Eka/Angga;Injured;Injured;Recovery;Recovery;'1-2
Angga/Eka;Moel/Wawo;Injured;Recovery;Recovery;Recovery;'1-2
Moel/Eka;Dennis/Wirawan;Sick;Fit;Recovery;Fit;'2-0
Angga/Moel;Dennis/Wirawan;Sick;Fit;Fit;Sick;'2-0
Angga/Moel;Wirawan/Eka;Recovery;Fit;Injured;Injured;'2-0
Wirawan/Moel;Arya/Angga;Sick;Injured;Sick;Sick;'1-2
Dennis/Wirawan;Wawo/Moel;Fit;Injured;Injured;Injured;'2-0
Wirawan/Eka;Dennis/Wawo;Sick;Sick;Fit;Recovery;'2-0
Dennis/Angga;David/Wawo;Sick;Sick;Injured;Sick;'0-2
David/Angga;Wawo/Dennis;Fit;Fit;Sick;Injured;'1-2
Arya/Wawo;Eka/Angga;Fit;Fit;Recovery;Fit;'2-1
Arya/Wirawan;Eka/Moel;Sick;Recovery;Injured;Injured;'1-2
Moel/Wirawan;Arya/Wawo;Fit;Recovery;Injured;Injured;'2-0
Wirawan/Dennis;Arya/Angga;Recovery;Fit;Injured;Sick;'2-0
Wawo/Eka;Moel/Wirawan;Recovery;Recovery;Fit;Sick;'2-0
Moel/Arya;Angga/Eka;Sick;Recovery;Recovery;Recovery;'0-2
Dennis/Wawo;David/Eka;Fit;Sick;Sick;Recovery;'1-2
Angga/Eka;Dennis/Wirawan;Injured;Sick;Injured;Injured;'2-0
Wirawan/Moel;Wawo/David;Recovery;Fit;Sick;Injured;'2-0
Moel/Angga;Dennis/Wirawan;Recovery;Fit;Sick;Injured;'2-1
David/Arya;Moel/Eka;Sick;Injured;Recovery;Recovery;'1-2
Angga/Wawo;Moel/David;Recovery;Sick;Fit;Fit;'0-2
David/Wawo;Moel/Dennis;Recovery;Sick;Fit;Recovery;'2-0
Dennis/Wirawan;Eka/Wawo;Injured;Fit;Sick;Sick;'1-2
Wawo/Dennis;Angga/Moel;Injured;Injured;Injured;Injured;'0-2
Wawo/Angga;David/Eka;Recovery;Recovery;Injured;Sick;'1-2
Wawo/Moel;Wirawan/David;Recovery;Injured;Sick;Sick;'0-2
Dennis/Wirawan;Angga/Wawo;Sick;Fit;Injured;Fit;'2-0
Arya/Wirawan;Dennis/Angga;Fit;Injured;Recovery;Sick;'2-1
Wirawan/David;Moel/Wawo;Recovery;Fit;Sick;Fit;'0-2
Wawo/Moel;Arya/Angga;Recovery;Fit;Recovery;Fit;'1-2
Moel/Arya;Wirawan/David;Injured;Fit;Injured;Sick;'0-2
Dennis/Angga;Eka/David;Sick;Injured;Recovery;Recovery;'1-2
David/Moel;Wirawan/Angga;Recovery;Injured;Fit;Recovery;'0-2
Arya/Eka;David/Wirawan;Recovery;Injured;Fit;Recovery;'1-2
Wirawan/Eka;Wawo/Dennis;Sick;Sick;Sick;Injured;'2-1
Moel/Arya;David/Eka;Injured;Sick;Sick;Fit;'1-2
Eka/Wawo;Dennis/Moel;Fit;Fit;Fit;Sick;'0-2
Moel/David;Dennis/Wirawan;Sick;Recovery;Sick;Injured;'0-2
Wirawan/Eka;Angga/David;Sick;Sick;Recovery;Injured;'1-2
Arya/Moel;Wawo/David;Sick;Recovery;Sick;Injured;'2-0
Dennis/Eka;Moel/Angga;Sick;Sick;Fit;Fit;'0-2
Arya/Angga;Wirawan/Wawo;Recovery;Recovery;Injured;Recovery;'2-0
Wawo/Eka;Arya/Angga;Fit;Recovery;Fit;Sick;'2-0
Arya/Dennis;Wirawan/Wawo;Injured;Injured;Injured;Injured;'2-1
Dennis/Arya;Moel/Wirawan;Injured;Fit;Injured;Fit;'0-2
Wawo/Wirawan;Moel/Arya;Injured;Injured;Injured;Sick;'2-1
Arya/David;Angga/Wawo;Sick;Recovery;Fit;Injured;'2-1
Eka/Angga;Moel/Wirawan;Fit;Fit;Injured;Fit;'1-2
Angga/Eka;Arya/Moel;Fit;Injured;Injured;Sick;'2-1
Wirawan/Angga;Moel/Dennis;Sick;Recovery;Injured;Injured;'2-1
Dennis/Wawo;Moel/Arya;Recovery;Fit;Injured;Sick;'1-2
Angga/Eka;Arya/Wawo;Injured;Sick;Recovery;Sick;'2-1
David/Wawo;Arya/Dennis;Sick;Sick;Sick;Recovery;'1-2
Moel/Wirawan;Eka/Arya;Sick;Injured;Sick;Recovery;'0-2
Wirawan/Dennis;Arya/Moel;Recovery;Fit;Recovery;Sick;'2-0
Eka/Arya;Moel/David;Fit;Fit;Injured;Injured;'0-2
Eka/Arya;David/Dennis;Sick;Sick;Fit;Fit;'0-2
Wirawan/Angga;Dennis/Wawo;Sick;Fit;Fit;Injured;'2-1
David/Arya;Eka/Angga;Injured;Recovery;Injured;Fit;'2-0
Eka/Angga;Arya/David;Sick;Recovery;Injured;Sick;'2-0
Moel/Arya;Wawo/David;Recovery;Recovery;Fit;Recovery;'2-0
Dennis/Angga;Eka/Arya;Recovery;Fit;Sick;Fit;'1-2
Arya/Moel;Wirawan/Eka;Fit;Sick;Fit;Fit;'1-2
Angga/Wawo;David/Arya;Fit;Injured;Recovery;Recovery;'2-0
Wawo/Wirawan;Moel/Angga;Recovery;Fit;Injured;Injured;'1-2
Eka/Dennis;Moel/Angga;Fit;Fit;Recovery;Fit;'0-2
Dennis/Wawo;Arya/David;Sick;Recovery;Recovery;Recovery;'2-0
Eka/Angga;David/Wirawan;Fit;Recovery;Recovery;Recovery;'2-1
Wirawan/Dennis;Angga/Moel;Sick;Recovery;Sick;Fit;'2-1
Moel/David;Wirawan/Arya;Injured;Injured;Fit;Sick;'2-0
Arya/Wirawan;Moel/Angga;Recovery;Injured;Sick;Recovery;'0-2
Eka/Dennis;Angga/Wirawan;Recovery;Injured;Fit;Injured;'1-2
Arya/Wawo;Eka/Wirawan;Sick;Sick;Recovery;Fit;'2-1
Angga/Wirawan;Wawo/Arya;Injured;Sick;Injured;Fit;'1-2
Angga/Dennis;Moel/Eka;Injured;Recovery;Sick;Injured;'2-1
Angga/Wawo;Wirawan/Dennis;Injured;Recovery;Fit;Fit;'1-2
Moel/Eka;Angga/Arya;Recovery;Recovery;Recovery;Recovery;'2-1
Arya/Wirawan;Wawo/Angga;Fit;Fit;Recovery;Fit;'1-2
Eka/Wawo;David/Dennis;Sick;Fit;Sick;Fit;'2-0
Eka/Angga;Wawo/Dennis;Fit;Fit;Injured;Sick;'2-0
Arya/Dennis;Wawo/Angga;Fit;Fit;Fit;Recovery;'0-2
Eka/Wirawan;Arya/Angga;Fit;Recovery;Sick;Injured;'1-2
David/Arya;Dennis/Eka;Injured;Fit;Fit;Recovery;'0-2
David/Wawo;Dennis/Eka;Sick;Fit;Fit;Injured;'1-2
Dennis/Wirawan;Moel/Arya;Recovery;Injured;Fit;Recovery;'2-0
Arya/Wawo;Angga/Wirawan;Recovery;Sick;Recovery;Fit;'2-1
Arya/Dennis;Moel/Wawo;Recovery;Injured;Recovery;Sick;'2-1
Wirawan/Angga;Arya/Wawo;Fit;Fit;Fit;Sick;'2-1
Wawo/Wirawan;David/Arya;Fit;Sick;Sick;Sick;'1-2
Arya/Moel;Angga/David;Injured;Sick;Sick;Fit;'2-1
David/Arya;Wawo/Dennis;Injured;Injured;Sick;Recovery;'2-0
Wirawan/Dennis;Angga/Arya;Sick;Recovery;Injured;Recovery;'2-1
Wirawan/Wawo;Eka/Moel;Fit;Sick;Fit;Sick;'0-2
Eka/Angga;Wawo/Dennis;Injured;Recovery;Sick;Recovery;'2-0
David/Wawo;Wirawan/Dennis;Fit;Sick;Sick;Injured;'1-2
Eka/Wawo;Dennis/Arya;Injured;Fit;Injured;Injured;'0-2
Wirawan/Moel;Arya/Angga;Fit;Injured;Recovery;Fit;'2-1
Angga/Wawo;Dennis/Moel;Recovery;Sick;Fit;Fit;'0-2
Arya/Wirawan;Moel/Dennis;Injured;Recovery;Recovery;Injured;'1-2
Wirawan/Angga;Moel/Arya;Fit;Recovery;Recovery;Fit;'1-2
Arya/David;Angga/Wirawan;Injured;Sick;Recovery;Fit;'2-0
Wawo/Moel;Wirawan/Arya;Fit;Recovery;Fit;Recovery;'2-1
Moel/Eka;David/Dennis;Recovery;Sick;Sick;Injured;'1-2
David/Dennis;Eka/Moel;Sick;Sick;Fit;Sick;'2-1
Wirawan/Wawo;Angga/Arya;Fit;Fit;Injured;Sick;'1-2
Arya/Wawo;Moel/Angga;Sick;Sick;Injured;Sick;'0-2
Moel/Arya;Wirawan/Dennis;Injured;Sick;Recovery;Recovery;'2-1
David/Eka;Angga/Wirawan;Recovery;Recovery;Fit;Recovery;'2-0
David/Wirawan;Eka/Wawo;Recovery;Fit;Injured;Recovery;'0-2
Wirawan/Moel;Wawo/Arya;Fit;Sick;Injured;Fit;'1-2
Moel/Angga;Dennis/Wirawan;Injured;Sick;Recovery;Fit;'2-1
Eka/Arya;Angga/Wirawan;Fit;Injured;Fit;Injured;'2-0
Dennis/Arya;David/Wirawan;Recovery;Fit;Recovery;Sick;'2-0
Wawo/Wirawan;David/Arya;Sick;Sick;Recovery;Sick;'2-0
Wawo/Wirawan;David/Arya;Injured;Recovery;Sick;Injured;'2-1
Moel/Dennis;Arya/Eka;Injured;Sick;Injured;Injured;'2-1
Moel/Angga;Wirawan/Dennis;Fit;Fit;Sick;Sick;'2-1
Wawo/David;Arya/Angga;Sick;Injured;Injured;Fit;'1-2
Wawo/Angga;Arya/Eka;Fit;Injured;Injured;Fit;'0-2
Dennis/Angga;Wirawan/David;Recovery;Fit;Injured;Recovery;'2-1
Arya/Moel;Wawo/Wirawan;Sick;Recovery;Sick;Injured;'1-2
David/Moel;Dennis/Angga;Sick;Fit;Fit;Injured;'0-2
Moel/Arya;Wirawan/Dennis;Fit;Recovery;Sick;Fit;'0-2
Dennis/Wawo;Wirawan/Moel;Recovery;Injured;Recovery;Fit;'1-2
David/Eka;Wirawan/Dennis;Injured;Recovery;Fit;Recovery;'1-2
Dennis/David;Moel/Angga;Injured;Recovery;Fit;Recovery;'1-2
David/Arya;Dennis/Wawo;Injured;Sick;Injured;Recovery;'2-0
Wirawan/Wawo;Arya/Dennis;Fit;Injured;Sick;Fit;'2-0
David/Moel;Arya/Wirawan;Injured;Fit;Recovery;Sick;'2-1
Moel/Eka;Angga/Arya;Fit;Recovery;Sick;Fit;'0-2
Wirawan/Dennis;Eka/Moel;Sick;Fit;Injured;Injured;'2-1
Angga/Wawo;Dennis/David;Sick;Fit;Recovery;Injured;'2-1
Dennis/Eka;Arya/Angga;Fit;Sick;Recovery;Injured;'2-1
Wirawan/Eka;Arya/Wawo;Sick;Recovery;Recovery;Recovery;'2-0
Wirawan/Wawo;Dennis/Arya;Fit;Sick;Fit;Fit;'0-2
Arya/Angga;David/Dennis;Injured;Injured;Fit;Fit;'2-0
Eka/Dennis;Moel/Wawo;Injured;Fit;Recovery;Fit;'2-1
Moel/David;Angga/Arya;Injured;Fit;Injured;Sick;'1-2
Moel/Dennis;Wirawan/Arya;Sick;Injured;Injured;Fit;'1-2
Wawo/Moel;Angga/Eka;Fit;Recovery;Recovery;Injured;'1-2
Wawo/Moel;Wirawan/Angga;Injured;Recovery;Fit;Sick;'2-1
Moel/Arya;Wawo/Eka;Recovery;Fit;Recovery;Recovery;'1-2
Moel/Angga;Dennis/Eka;Injured;Sick;Recovery;Sick;'2-1
Wirawan/Dennis;Eka/Arya;Fit;Injured;Injured;Sick;'0-2
Arya/Eka;Moel/David;Sick;Injured;Injured;Injured;'1-2
Wirawan/Moel;Wawo/Arya;Fit;Recovery;Recovery;Sick;'2-1
Dennis/Angga;Eka/Wawo;Sick;Recovery;Sick;Sick;'2-0
Arya/Moel;Angga/Dennis;Fit;Fit;Sick;Recovery;'1-2
Wawo/Arya;Moel/Wirawan;Recovery;Injured;Injured;Sick;'2-0
Dennis/Angga;Arya/David;Sick;Fit;Fit;Fit;'1-2
Moel/Angga;Wirawan/Dennis;Sick;Fit;Injured;Sick;'0-2
Dennis/Arya;Moel/David;Fit;Fit;Sick;Fit;'0-2
Wirawan/Angga;Wawo/Eka;Injured;Recovery;Injured;Sick;'0-2
David/Dennis;Angga/Wirawan;Sick;Fit;Injured;Sick;'0-2
Wawo/Dennis;Moel/David;Sick;Fit;Sick;Sick;'0-2
Wirawan/David;Arya/Wawo;Recovery;Injured;Fit;Fit;'2-0
Wawo/Dennis;David/Eka;Sick;Recovery;Sick;Sick;'0-2
Wirawan/Angga;Wawo/Dennis;Recovery;Recovery;Sick;Injured;'2-0
Moel/Eka;Dennis/Angga;Sick;Fit;Injured;Fit;'1-2
Arya/Eka;Wirawan/David;Fit;Sick;Sick;Injured;'2-1
Angga/David;Eka/Arya;Recovery;Injured;Recovery;Fit;'0-2
Eka/Wawo;Moel/Arya;Sick;Sick;Recovery;Injured;'1-2
Dennis/Moel;Eka/Angga;Recovery;Sick;Injured;Fit;'1-2
Dennis/David;Moel/Wawo;Recovery;Recovery;Fit;Sick;'2-1
Wawo/Eka;David/Arya;Fit;Sick;Fit;Recovery;'2-1
David/Wirawan;Dennis/Angga;Sick;Sick;Sick;Fit;'2-1
Wirawan/Eka;Dennis/Wawo;Fit;Injured;Fit;Recovery;'0-2
Wirawan/Moel;Dennis/Angga;Recovery;Injured;Sick;Sick;'2-0
Arya/Angga;Wirawan/Dennis;Fit;Sick;Injured;Recovery;'1-2
Moel/Wirawan;Eka/David;Recovery;Sick;Fit;Injured;'2-1
Eka/Dennis;Wirawan/Angga;Fit;Sick;Injured;Injured;'0-2
Arya/Angga;Dennis/Moel;Injured;Recovery;Injured;Recovery;'1-2
Moel/Eka;Dennis/Wirawan;Recovery;Injured;Injured;Recovery;'0-2
Dennis/Moel;David/Arya;Fit;Fit;Recovery;Recovery;'2-0
Wirawan/Moel;Wawo/Arya;Fit;Recovery;Sick;Injured;'2-0
Wawo/Arya;Eka/Dennis;Injured;Injured;Recovery;Fit;'0-2
Dennis/David;Moel/Eka;Sick;Sick;Sick;Sick;'0-2
Angga/David;Dennis/Moel;Sick;Injured;Fit;Injured;'0-2
David/Eka;Angga/Moel;Fit;Sick;Fit;Sick;'2-0
Arya/Eka;Wirawan/David;Recovery;Recovery;Recovery;Injured;'1-2
Wawo/Moel;Dennis/Angga;Fit;Recovery;Sick;Sick;'2-1
David/Angga;Eka/Wirawan;Sick;Recovery;Injured;Sick;'0-2
Eka/Moel;Angga/Wawo;Injured;Fit;Injured;Sick;'2-0
Wawo/David;Moel/Arya;Sick;Injured;Sick;Injured;'0-2
Arya/Wirawan;Moel/Wawo;Fit;Sick;Sick;Recovery;'0-2
Moel/Arya;Wirawan/Dennis;Recovery;Recovery;Injured;Fit;'1-2
Eka/Arya;Angga/Wirawan;Fit;Sick;Recovery;Injured;'2-0
Wirawan/Eka;Moel/David;Fit;Fit;Recovery;Injured;'2-1
Eka/Wirawan;Wawo/Dennis;Recovery;Injured;Sick;Injured;'2-0
Dennis/David;Wirawan/Eka;Sick;Recovery;Sick;Injured;'2-1
Eka/David;Moel/Arya;Fit;Injured;Sick;Fit;'0-2
Eka/David;Moel/Wirawan;Recovery;Fit;Sick;Injured;'2-0
Wirawan/Eka;David/Arya;Recovery;Fit;Sick;Recovery;'2-1
Wirawan/Moel;Wawo/Arya;Fit;Fit;Fit;Injured;'2-1
Angga/David;Wawo/Eka;Injured;Recovery;Injured;Recovery;'0-2
Wirawan/Moel;Wawo/Dennis;Sick;Fit;Sick;Recovery;'2-1
Eka/Wawo;Moel/Angga;Sick;Sick;Recovery;Fit;'2-1
Angga/Dennis;Eka/Wawo;Sick;Sick;Recovery;Fit;'2-0
Arya/David;Moel/Dennis;Injured;Sick;Recovery;Recovery;'0-2
Eka/Dennis;Wawo/Angga;Recovery;Injured;Fit;Sick;'2-1
David/Moel;Arya/Angga;Injured;Fit;Injured;Recovery;'1-2
Wirawan/Wawo;Arya/Angga;Fit;Fit;Sick;Injured;'1-2
Wirawan/Wawo;Arya/Angga;Recovery;Recovery;Sick;Fit;'0-2
Wawo/Moel;Eka/Wirawan;Injured;Injured;Fit;Sick;'1-2
Dennis/David;Arya/Eka;Sick;Sick;Sick;Recovery;'2-0
Angga/Wirawan;Eka/David;Injured;Fit;Sick;Fit;'0-2
Angga/Wawo;Moel/Eka;Injured;Sick;Injured;Recovery;'0-2
David/Wirawan;Dennis/Wawo;Injured;Fit;Sick;Recovery;'2-1
Moel/Wawo;Eka/Arya;Injured;Recovery;Recovery;Recovery;'2-0
David/Arya;Moel/Angga;Injured;Injured;Recovery;Fit;'2-0
David/Wawo;Wirawan/Arya;Injured;Injured;Fit;Injured;'1-2
Arya/Angga;Wawo/Moel;Recovery;Injured;Sick;Recovery;'2-0
Wirawan/Moel;Angga/Dennis;Fit;Fit;Injured;Injured;'2-1
Wirawan/David;Arya/Eka;Fit;Injured;Fit;Fit;'2-1
Arya/Moel;Wirawan/Eka;Sick;Fit;Fit;Sick;'1-2
Wirawan/Moel;Arya/Dennis;Recovery;Fit;Sick;Recovery;'0-2
Dennis/Angga;Arya/Moel;Injured;Injured;Sick;Fit;'1-2
Angga/David;Moel/Eka;Sick;Injured;Fit;Sick;'1-2
Angga/David;Wawo/Eka;Recovery;Sick;Fit;Sick;'2-0
Moel/Arya;Angga/Eka;Sick;Fit;Recovery;Recovery;'2-1
Wirawan/Arya;Dennis/David;Fit;Sick;Recovery;Sick;'2-0
Arya/Dennis;Angga/Wawo;Sick;Fit;Sick;Fit;'0-2
Arya/Wirawan;Wawo/Dennis;Recovery;Injured;Injured;Recovery;'2-1
Arya/David;Dennis/Eka;Sick;Fit;Injured;Recovery;'2-0
Arya/Eka;Dennis/Angga;Fit;Sick;Recovery;Sick;'2-0
Wawo/Wirawan;Arya/David;Fit;Sick;Sick;Recovery;'1-2
Eka/Wirawan;David/Arya;Fit;Injured;Fit;Recovery;'2-0
Dennis/David;Arya/Wirawan;Recovery;Recovery;Injured;Injured;'1-2
Eka/Moel;Angga/Wawo;Recovery;Recovery;Injured;Fit;'0-2
Arya/David;Wawo/Moel;Sick;Recovery;Injured;Recovery;'2-0
Wawo/Moel;Angga/Arya;Injured;Fit;Fit;Injured;'1-2
Moel/Angga;Dennis/Eka;Fit;Recovery;Fit;Fit;'2-0
Wirawan/Eka;David/Dennis;Sick;Recovery;Recovery;Injured;'2-0
Arya/Wawo;Wirawan/David;Fit;Fit;Fit;Injured;'1-2
Moel/Wawo;Eka/Angga;Sick;Injured;Recovery;Recovery;'2-0
Wawo/Arya;Moel/David;Fit;Injured;Fit;Recovery;'2-0
Wirawan/Angga;Dennis/Moel;Sick;Injured;Recovery;Sick;'0-2
Moel/Angga;David/Arya;Sick;Injured;Fit;Fit;'2-1
Arya/Moel;Wirawan/David;Sick;Sick;Sick;Fit;'2-0
Angga/Wirawan;David/Dennis;Injured;Sick;Sick;Injured;'0-2
Eka/Angga;Dennis/Wawo;Fit;Recovery;Fit;Injured;'2-1
Angga/Wirawan;Dennis/David;Sick;Sick;Injured;Fit;'2-0
Wawo/Moel;Angga/David;Recovery;Fit;Sick;Injured;'0-2
Angga/Wawo;Arya/Dennis;Recovery;Injured;Injured;Fit;'0-2
David/Moel;Eka/Wawo;Injured;Recovery;Injured;Fit;'2-1
Arya/Dennis;Angga/Moel;Sick;Recovery;Injured;Sick;'2-1
Moel/Arya;Eka/David;Injured;Recovery;Sick;Sick;'2-1
Angga/David;Arya/Moel;Injured;Sick;Fit;Fit;'1-2
Angga/David;Wawo/Moel;Injured;Injured;Injured;Sick;'1-2
Moel/Wirawan;Eka/Arya;Sick;Sick;Sick;Recovery;'2-0
David/Moel;Dennis/Angga;Recovery;Injured;Recovery;Recovery;'2-1
Arya/Moel;Wirawan/Eka;Fit;Sick;Fit;Sick;'0-2
Dennis/Arya;Angga/Wawo;Recovery;Recovery;Recovery;Sick;'2-1
Moel/Angga;Dennis/David;Injured;Fit;Recovery;Sick;'2-1
Moel/Wawo;Eka/Arya;Sick;Recovery;Recovery;Sick;'2-0
Wawo/Angga;Arya/David;Fit;Sick;Fit;Fit;'2-1
David/Wirawan;Arya/Moel;Fit;Sick;Injured;Injured;'2-0
Wawo/David;Arya/Dennis;Recovery;Injured;Sick;Sick;'0-2
Arya/Wawo;David/Wirawan;Recovery;Recovery;Fit;Sick;'0-2
Arya/Angga;Wawo/Moel;Injured;Injured;Sick;Sick;'2-1
Dennis/Moel;Angga/David;Recovery;Injured;Injured;Sick;'2-0
Angga/David;Wawo/Dennis;Injured;Sick;Fit;Injured;'2-0
Dennis/Moel;Angga/Arya;Recovery;Injured;Recovery;Fit;'2-0
Wirawan/Dennis;Angga/Moel;Fit;Sick;Fit;Sick;'2-1
Wawo/Dennis;Eka/Angga;Sick;Injured;Recovery;Injured;'0-2
Angga/Eka;Wirawan/Dennis;Injured;Injured;Sick;Recovery;'2-1
Angga/Wirawan;Arya/David;Recovery;Recovery;Sick;Fit;'2-0
Wirawan/Dennis;David/Arya;Injured;Fit;Injured;Recovery;'1-2
Dennis/David;Eka/Moel;Injured;Sick;Recovery;Injured;'1-2
Dennis/Wirawan;Moel/Angga;Recovery;Fit;Injured;Sick;'2-1
Dennis/Arya;Wawo/Moel;Fit;Injured;Fit;Fit;'1-2
Dennis/David;Wawo/Angga;Fit;Sick;Fit;Sick;'0-2
Dennis/Eka;Wirawan/David;Sick;Sick;Sick;Fit;'2-1
Moel/David;Wirawan/Angga;Sick;Injured;Recovery;Fit;'1-2
Eka/Dennis;David/Wirawan;Sick;Injured;Recovery;Sick;'2-0
Wirawan/Wawo;Dennis/Arya;Fit;Fit;Injured;Sick;'2-0
David/Dennis;Arya/Moel;Sick;Sick;Injured;Recovery;'0-2
Angga/Eka;Wawo/Wirawan;Fit;Fit;Injured;Injured;'2-0
Moel/David;Wawo/Angga;Sick;Recovery;Sick;Sick;'2-1
Angga/Arya;David/Wawo;Injured;Fit;Recovery;Fit;'2-1
Eka/Wirawan;Dennis/Angga;Recovery;Fit;Recovery;Injured;'2-1
Eka/David;Wawo/Dennis;Recovery;Injured;Recovery;Sick;'2-0
Arya/David;Eka/Moel;Injured;Injured;Fit;Injured;'2-0
David/Moel;Angga/Eka;Injured;Recovery;Recovery;Recovery;'0-2
Wirawan/Dennis;Arya/David;Fit;Recovery;Injured;Fit;'2-1
Wirawan/Arya;Angga/Moel;Recovery;Injured;Recovery;Fit;'1-2
Wirawan/David;Dennis/Wawo;Fit;Sick;Injured;Injured;'2-1
Wirawan/Arya;Eka/Moel;Injured;Injured;Recovery;Injured;'2-0
Dennis/Arya;Moel/David;Sick;Fit;Recovery;Recovery;'2-0
Moel/Dennis;Angga/Eka;Sick;Recovery;Fit;Sick;'0-2
Eka/Dennis;Angga/Arya;Injured;Recovery;Sick;Injured;'0-2
Wawo/Arya;Moel/Angga;Fit;Recovery;Sick;Fit;'2-1
Angga/Wawo;David/Wirawan;Fit;Fit;Injured;Sick;'2-1
David/Angga;Eka/Moel;Fit;Injured;Fit;Sick;'2-1
Dennis/Moel;Arya/Wirawan;Sick;Fit;Injured;Recovery;'2-1
Arya/Eka;Moel/Wawo;Injured;Injured;Sick;Injured;'2-0
Wirawan/Moel;Eka/Wawo;Sick;Sick;Injured;Sick;'0-2
Arya/Angga;Wawo/Dennis;Sick;Injured;Recovery;Injured;'1-2
Wawo/Moel;Wirawan/Dennis;Sick;Injured;Injured;Sick;'1-2
Dennis/Arya;Moel/David;Injured;Recovery;Injured;Recovery;'2-1
Wawo/Angga;Arya/David;Injured;Fit;Sick;Injured;'2-1
Dennis/Wirawan;Arya/Moel;Injured;Injured;Recovery;Injured;'2-0
Wawo/Eka;Angga/David;Fit;Recovery;Fit;Recovery;'1-2
Wawo/Moel;Eka/Angga;Fit;Recovery;Sick;Injured;'2-0
Moel/Wirawan;Eka/Arya;Recovery;Injured;Injured;Injured;'0-2
Dennis/David;Angga/Wirawan;Sick;Injured;Fit;Recovery;'1-2
Arya/Dennis;Angga/Moel;Sick;Sick;Injured;Injured;'0-2
Moel/Wawo;Wirawan/Arya;Injured;Recovery;Sick;Recovery;'0-2
Eka/Moel;Wirawan/Angga;Sick;Fit;Injured;Sick;'0-2
Moel/David;Eka/Dennis;Sick;Recovery;Injured;Recovery;'1-2
Eka/Moel;Angga/David;Recovery;Injured;Fit;Injured;'2-1
Moel/David;Wawo/Wirawan;Recovery;Recovery;Fit;Sick;'2-1
Arya/Wirawan;Angga/Moel;Fit;Sick;Fit;Fit;'2-0
David/Wirawan;Angga/Dennis;Fit;Sick;Injured;Fit;'0-2
Wawo/Arya;Moel/Angga;Injured;Fit;Recovery;Recovery;'0-2
Eka/Arya;Wawo/Dennis;Recovery;Fit;Fit;Fit;'2-1
Dennis/Moel;Wirawan/David;Sick;Sick;Injured;Recovery;'2-0
Moel/Eka;Arya/Wawo;Recovery;Sick;Fit;Injured;'0-2
Angga/David;Eka/Dennis;Injured;Fit;Recovery;Sick;'1-2
Moel/Dennis;David/Angga;Sick;Fit;Sick;Recovery;'1-2
Moel/David;Wawo/Dennis;Recovery;Fit;Recovery;Recovery;'1-2
Wawo/Wirawan;Arya/Angga;Injured;Fit;Fit;Sick;'1-2
Arya/Dennis;Angga/Moel;Injured;Fit;Recovery;Sick;'2-0
Wawo/Eka;Dennis/Wirawan;Fit;Recovery;Recovery;Injured;'1-2
Wirawan/Wawo;Arya/Moel;Injured;Sick;Sick;Fit;'2-1
David/Moel;Wirawan/Eka;Fit;Fit;Injured;Injured;'2-1
Arya/Dennis;Eka/Angga;Recovery;Sick;Sick;Sick;'0-2
Arya/Angga;Dennis/Moel;Sick;Injured;Fit;Recovery;'2-0
Wawo/Angga;Dennis/Wirawan;Recovery;Injured;Recovery;Sick;'0-2
Moel/David;Wirawan/Arya;Sick;Injured;Fit;Injured;'0-2
Moel/David;Angga/Wirawan;Fit;Sick;Fit;Sick;'1-2
David/Dennis;Eka/Arya;Fit;Injured;Sick;Sick;'0-2
Dennis/Angga;Wawo/Moel;Recovery;Recovery;Sick;Fit;'2-0
Eka/Wirawan;Dennis/Arya;Injured;Injured;Sick;Fit;'2-1
Dennis/Moel;Angga/David;Recovery;Fit;Sick;Injured;'2-1
Eka/Wawo;Dennis/Moel;Injured;Recovery;Sick;Recovery;'2-0
Arya/Dennis;Wawo/Moel;Recovery;Sick;Injured;Fit;'0-2
David/Dennis;Wirawan/Arya;Injured;Injured;Fit;Sick;'0-2
David/Moel;Wawo/Angga;Injured;Recovery;Recovery;Recovery;'2-1
Dennis/Angga;Eka/Wirawan;Fit;Fit;Injured;Recovery;'1-2
Wawo/Dennis;David/Moel;Injured;Recovery;Recovery;Fit;'1-2
Moel/Wirawan;Wawo/Dennis;Recovery;Sick;Fit;Fit;'2-1
David/Wirawan;Moel/Wawo;Sick;Injured;Fit;Injured;'1-2
David/Wirawan;Arya/Angga;Recovery;Injured;Injured;Fit;'0-2
Wirawan/Dennis;Angga/Arya;Sick;Fit;Recovery;Injured;'0-2
Eka/Moel;Wirawan/David;Recovery;Recovery;Injured;Sick;'1-2
Arya/Dennis;David/Angga;Sick;Sick;Sick;Sick;'2-0
Moel/Dennis;Wawo/Eka;Injured;Recovery;Injured;Injured;'0-2
David/Dennis;Moel/Angga;Fit;Sick;Recovery;Injured;'2-0
Wawo/Dennis;Angga/Wirawan;Injured;Recovery;Injured;Injured;'2-0
Eka/Wawo;Moel/Wirawan;Recovery;Injured;Recovery;Injured;'2-1
Moel/Arya;Angga/Wawo;Injured;Fit;Injured;Sick;'1-2
Moel/Angga;David/Arya;Recovery;Sick;Sick;Injured;'2-0
David/Dennis;Moel/Angga;Fit;Fit;Recovery;Recovery;'0-2
Eka/Angga;Moel/Wawo;Sick;Recovery;Recovery;Sick;'1-2
Moel/David;Angga/Dennis;Recovery;Recovery;Fit;Fit;'1-2
David/Dennis;Eka/Wirawan;Sick;Recovery;Sick;Fit;'1-2
Wirawan/Wawo;Arya/Moel;Injured;Sick;Recovery;Sick;'2-0
Angga/Dennis;Moel/David;Fit;Recovery;Fit;Recovery;'0-2
Eka/Wirawan;Moel/David;Recovery;Fit;Injured;Sick;'1-2
Wirawan/Arya;Wawo/Moel;Sick;Sick;Fit;Sick;'2-0
Arya/Wawo;Eka/Wirawan;Recovery;Sick;Recovery;Fit;'2-0
Dennis/David;Eka/Wawo;Fit;Recovery;Sick;Injured;'2-1
Angga/Wirawan;Wawo/Eka;Fit;Recovery;Fit;Injured;'0-2
Wirawan/Dennis;Eka/Arya;Sick;Recovery;Fit;Recovery;'2-1
Arya/Eka;Moel/David;Injured;Fit;Fit;Recovery;'1-2
Wirawan/Eka;Wawo/Arya;Injured;Sick;Recovery;Injured;'2-0
Eka/Moel;David/Wawo;Recovery;Fit;Fit;Recovery;'1-2
Eka/Wirawan;Arya/Wawo;Recovery;Recovery;Recovery;Injured;'2-0
Angga/Wirawan;Arya/Eka;Sick;Sick;Sick;Recovery;'1-2
David/Dennis;Wirawan/Arya;Injured;Fit;Recovery;Injured;'2-1
David/Angga;Moel/Eka;Fit;Sick;Injured;Sick;'2-0
Wawo/Eka;Arya/Moel;Fit;Sick;Fit;Recovery;'1-2
Arya/Wirawan;Angga/Moel;Injured;Sick;Fit;Fit;'1-2
Angga/Arya;Moel/Wawo;Fit;Fit;Recovery;Injured;'2-0
Moel/Arya;Eka/Wirawan;Recovery;Sick;Recovery;Injured;'2-1
Wirawan/Eka;Moel/Arya;Sick;Sick;Injured;Injured;'1-2
Dennis/Wawo;Moel/Arya;Fit;Fit;Recovery;Recovery;'2-1
Wirawan/Dennis;Angga/Wawo;Fit;Recovery;Fit;Recovery;'0-2
Moel/Angga;David/Dennis;Fit;Recovery;Injured;Recovery;'2-1
Wawo/Dennis;Wirawan/Eka;Sick;Fit;Recovery;Sick;'2-0
Wawo/Arya;Wirawan/David;Injured;Sick;Recovery;Sick;'2-0
Wawo/Wirawan;Eka/Moel;Sick;Fit;Recovery;Recovery;'2-1
Moel/Eka;Arya/Angga;Fit;Sick;Sick;Recovery;'2-1
Eka/Wawo;David/Dennis;Injured;Recovery;Injured;Recovery;'1-2
Dennis/David;Eka/Arya;Injured;Sick;Injured;Injured;'2-1
Arya/Wawo;Angga/Moel;Recovery;Injured;Sick;Sick;'0-2
Eka/Arya;Wirawan/David;Fit;Recovery;Fit;Sick;'2-1
Arya/Moel;Eka/David;Injured;Injured;Sick;Fit;'0-2
Wirawan/Angga;Moel/Eka;Recovery;Injured;Fit;Fit;'2-0
Angga/David;Eka/Dennis;Sick;Sick;Recovery;Fit;'2-0
Eka/Moel;Arya/Dennis;Injured;Fit;Fit;Fit;'2-0
Dennis/Moel;Angga/David;Injured;Recovery;Sick;Sick;'2-0
Eka/Wawo;Wirawan/Dennis;Fit;Recovery;Sick;Sick;'0-2
Moel/David;Wirawan/Arya;Sick;Injured;Injured;Fit;'0-2
Dennis/Wawo;Eka/Arya;Injured;Sick;Fit;Recovery;'2-1
Wawo/David;Eka/Dennis;Recovery;Recovery;Injured;Fit;'2-1
Wawo/Dennis;Eka/Wirawan;Fit;Recovery;Fit;Sick;'2-0
Wawo/David;Dennis/Angga;Injured;Fit;Fit;Recovery;'1-2
Eka/Wirawan;Moel/Angga;Sick;Recovery;Recovery;Injured;'0-2
David/Angga;Moel/Wirawan;Sick;Injured;Sick;Sick;'2-1
Angga/David;Moel/Eka;Recovery;Recovery;Fit;Fit;'0-2
Dennis/Wawo;Eka/Angga;Fit;Fit;Sick;Fit;'1-2
Arya/Wirawan;Dennis/Eka;Recovery;Fit;Recovery;Sick;'2-0
Moel/Wawo;Eka/David;Recovery;Injured;Injured;Recovery;'0-2
Wirawan/Angga;Dennis/David;Fit;Injured;Fit;Injured;'2-1
Wawo/Wirawan;Moel/Arya;Sick;Fit;Injured;Fit;'2-1
Angga/Moel;David/Wirawan;Sick;Sick;Recovery;Sick;'2-1
Eka/Wirawan;Moel/Dennis;Recovery;Sick;Recovery;Sick;'0-2
Wawo/Wirawan;David/Arya;Sick;Recovery;Sick;Recovery;'2-1
David/Angga;Arya/Wawo;Injured;Injured;Sick;Fit;'2-1
Eka/Wawo;Arya/Dennis;Recovery;Injured;Fit;Fit;'1-2
Eka/Angga;Moel/David;Injured;Sick;Sick;Sick;'2-0
Eka/Wirawan;Arya/Moel;Sick;Fit;Fit;Recovery;'2-0
Angga/Moel;Eka/Wawo;Sick;Recovery;Recovery;Injured;'2-0
Wawo/David;Dennis/Moel;Fit;Fit;Fit;Sick;'2-0
Wawo/David;Wirawan/Dennis;Fit;Sick;Recovery;Sick;'2-1
David/Eka;Dennis/Angga;Injured;Recovery;Recovery;Injured;'2-0
Wirawan/Wawo;David/Arya;Fit;Fit;Sick;Sick;'2-1
Arya/Wirawan;Angga/Eka;Injured;Injured;Recovery;Sick;'1-2
Moel/Dennis;Wirawan/Arya;Injured;Recovery;Fit;Fit;'2-0
Angga/Arya;Eka/Moel;Recovery;Fit;Sick;Fit;'0-2
David/Moel;Angga/Wirawan;Injured;Injured;Injured;Fit;'2-1
Angga/Wirawan;Dennis/Wawo;Sick;Fit;Fit;Injured;'0-2
Dennis/Moel;Eka/Angga;Recovery;Fit;Fit;Recovery;'0-2
Eka/Wawo;Wirawan/Arya;Recovery;Fit;Fit;Sick;'1-2
Wirawan/David;Dennis/Wawo;Recovery;Recovery;Injured;Sick;'2-1
Angga/Wirawan;David/Eka;Injured;Sick;Fit;Injured;'2-1
Moel/Dennis;Angga/Arya;Fit;Fit;Sick;Injured;'1-2
Moel/Eka;Wawo/Arya;Injured;Recovery;Injured;Injured;'2-0
Dennis/Moel;Eka/David;Sick;Fit;Fit;Fit;'2-1
Wirawan/Moel;Wawo/Angga;Recovery;Recovery;Sick;Injured;'2-0
David/Moel;Angga/Arya;Fit;Sick;Injured;Sick;'0-2
David/Arya;Wirawan/Wawo;Injured;Fit;Injured;Injured;'2-0
Dennis/David;Wawo/Moel;Sick;Fit;Injured;Sick;'2-0
Moel/Eka;Arya/Angga;Fit;Injured;Injured;Sick;'1-2
David/Wirawan;Moel/Eka;Fit;Injured;Recovery;Injured;'1-2
Wirawan/Angga;Eka/Dennis;Sick;Recovery;Recovery;Fit;'0-2
Wawo/David;Arya/Angga;Sick;Recovery;Injured;Injured;'0-2
Dennis/Arya;Angga/David;Injured;Sick;Sick;Injured;'2-1
Eka/Wirawan;Arya/David;Sick;Fit;Injured;Fit;'2-1
Wirawan/Angga;David/Eka;Injured;Injured;Fit;Fit;'2-1
Dennis/Angga;Eka/Moel;Fit;Fit;Recovery;Injured;'2-0
David/Wirawan;Arya/Wawo;Recovery;Injured;Sick;Fit;'2-0
Dennis/Moel;Wirawan/Angga;Fit;Sick;Sick;Recovery;'0-2
Wirawan/Moel;David/Angga;Recovery;Injured;Injured;Sick;'2-1
Arya/Wirawan;Moel/Dennis;Fit;Fit;Recovery;Fit;'2-0
Arya/Moel;David/Angga;Recovery;Fit;Recovery;Recovery;'2-1
Wawo/Wirawan;Dennis/Arya;Injured;Fit;Fit;Sick;'2-1
Dennis/Eka;Wawo/Wirawan;Injured;Fit;Fit;Recovery;'2-0
Arya/Wawo;Dennis/David;Fit;Sick;Fit;Recovery;'2-1
Wirawan/Eka;Dennis/Moel;Injured;Sick;Injured;Fit;'2-0
Moel/Wawo;Arya/Eka;Recovery;Sick;Sick;Fit;'2-0
Dennis/David;Moel/Arya;Recovery;Fit;Sick;Recovery;'2-0
Wirawan/Dennis;Moel/Angga;Fit;Recovery;Sick;Sick;'2-0
Moel/Dennis;Arya/Angga;Recovery;Recovery;Fit;Injured;'0-2
Wirawan/Dennis;Wawo/Moel;Recovery;Recovery;Injured;Sick;'0-2
Arya/David;Wawo/Wirawan;Fit;Recovery;Fit;Fit;'2-1
David/Eka;Dennis/Wawo;Sick;Injured;Recovery;Injured;'2-1
David/Dennis;Wirawan/Angga;Sick;Recovery;Recovery;Recovery;'0-2
Wawo/Moel;Wirawan/David;Injured;Injured;Fit;Injured;'0-2
Wirawan/Moel;Eka/Wawo;Sick;Sick;Recovery;Sick;'0-2
Wawo/David;Eka/Arya;Recovery;Injured;Fit;Injured;'1-2
Dennis/Wirawan;Angga/David;Recovery;Fit;Sick;Sick;'2-1
Moel/Angga;Wirawan/Eka;Recovery;Injured;Injured;Fit;'2-0
Arya/Wirawan;David/Wawo;Injured;Recovery;Sick;Sick;'2-0
David/Moel;Arya/Wirawan;Fit;Sick;Recovery;Recovery;'1-2
Wirawan/David;Wawo/Dennis;Recovery;Sick;Injured;Sick;'0-2
Arya/Angga;Eka/Wirawan;Sick;Recovery;Recovery;Fit;'2-1
Arya/Wirawan;Moel/Wawo;Fit;Sick;Recovery;Fit;'2-1
Angga/Moel;Eka/David;Sick;Sick;Fit;Injured;'2-1
Wirawan/Wawo;Arya/Eka;Recovery;Sick;Injured;Fit;'2-1
Wirawan/Moel;Angga/Dennis;Sick;Sick;Fit;Injured;'2-0
Dennis/David;Arya/Eka;Recovery;Injured;Recovery;Sick;'2-1
Eka/Arya;David/Dennis;Sick;Fit;Sick;Recovery;'2-1
Dennis/Angga;Wirawan/David;Sick;Recovery;Injured;Injured;'2-0
Angga/Moel;Wirawan/David;Fit;Injured;Injured;Recovery;'2-0
Dennis/Arya;Moel/Wirawan;Sick;Sick;Sick;Recovery;'2-1
Arya/Angga;David/Wirawan;Injured;Sick;Fit;Fit;'2-0
Eka/Moel;Angga/Dennis;Recovery;Injured;Fit;Injured;'0-2
Angga/Wirawan;David/Moel;Injured;Injured;Fit;Injured;'2-1
Angga/Arya;Eka/Wirawan;Recovery;Recovery;Recovery;Sick;'2-1
Wawo/Moel;David/Arya;Sick;Recovery;Sick;Fit;'2-1
Moel/Angga;Wirawan/David;Fit;Injured;Sick;Fit;'2-1
Wirawan/Moel;Eka/Wawo;Sick;Injured;Sick;Sick;'1-2
Wawo/Dennis;Arya/Wirawan;Sick;Sick;Injured;Recovery;'0-2
Angga/Wirawan;Dennis/Wawo;Sick;Recovery;Injured;Fit;'0-2
Wirawan/Arya;Eka/Moel;Recovery;Injured;Sick;Fit;'2-0
Wirawan/Moel;Arya/David;Injured;Recovery;Fit;Sick;'0-2
Wawo/Dennis;David/Wirawan;Recovery;Recovery;Recovery;Fit;'2-0
Wirawan/Angga;Wawo/Arya;Recovery;Injured;Fit;Recovery;'2-1
Wawo/Moel;Dennis/Eka;Recovery;Injured;Recovery;Fit;'2-1
Angga/Wirawan;Arya/Eka;Recovery;Recovery;Injured;Injured;'2-0
Arya/Eka;Angga/David;Sick;Injured;Fit;Sick;'2-0
Angga/Moel;Dennis/Arya;Fit;Injured;Sick;Sick;'2-0
Dennis/Wirawan;David/Wawo;Fit;Sick;Fit;Recovery;'2-1
Dennis/Moel;Wirawan/David;Fit;Fit;Fit;Recovery;'1-2
Angga/Eka;Moel/Wawo;Fit;Fit;Sick;Fit;'2-0
Angga/Wawo;Arya/Eka;Fit;Injured;Fit;Injured;'0-2
Eka/Wawo;Arya/Angga;Recovery;Fit;Recovery;Injured;'2-0
Arya/David;Angga/Dennis;Recovery;Sick;Sick;Injured;'2-0
Wawo/Wirawan;Dennis/David;Recovery;Injured;Sick;Sick;'2-1
Eka/Wawo;Arya/Wirawan;Injured;Recovery;Sick;Recovery;'2-0
Moel/Eka;Wirawan/David;Sick;Sick;Sick;Fit;'2-1
Arya/Moel;Wawo/Eka;Injured;Fit;Recovery;Injured;'0-2
Wawo/Dennis;Eka/Moel;Recovery;Recovery;Injured;Recovery;'0-2
David/Arya;Moel/Wirawan;Injured;Recovery;Recovery;Injured;'2-0
Dennis/Moel;Wawo/David;Sick;Injured;Fit;Recovery;'2-1
Eka/Angga;Wawo/Moel;Sick;Sick;Recovery;Injured;'2-1
Dennis/Eka;Angga/Moel;Injured;Recovery;Recovery;Injured;'1-2
Wirawan/Dennis;Arya/Moel;Injured;Fit;Injured;Sick;'2-1
Wirawan/Dennis;Eka/Wawo;Sick;Fit;Recovery;Recovery;'1-2
Eka/Wawo;Moel/Wirawan;Sick;Injured;Sick;Sick;'2-1
Angga/Dennis;Wawo/Wirawan;Recovery;Recovery;Recovery;Fit;'1-2
Dennis/Wirawan;Moel/Arya;Sick;Sick;Fit;Sick;'2-1
Dennis/Eka;David/Wirawan;Sick;Injured;Sick;Fit;'0-2
Dennis/David;Moel/Eka;Recovery;Fit;Injured;Sick;'0-2
Eka/Wirawan;Moel/Angga;Injured;Sick;Injured;Recovery;'0-2
Wirawan/Moel;David/Eka;Injured;Fit;Injured;Recovery;'2-1
Angga/Arya;Eka/Moel;Injured;Fit;Injured;Injured;'0-2
David/Angga;Eka/Dennis;Injured;Fit;Injured;Injured;'2-0
Angga/Dennis;David/Moel;Injured;Sick;Recovery;Sick;'1-2
Arya/Dennis;Angga/Wirawan;Fit;Recovery;Injured;Fit;'2-1
Wawo/Dennis;Eka/David;Sick;Injured;Recovery;Injured;'1-2
Eka/Wawo;Dennis/David;Fit;Injured;Sick;Injured;'2-0
Angga/Arya;Wawo/Moel;Sick;Injured;Recovery;Recovery;'0-2
Angga/Dennis;Eka/Arya;Injured;Injured;Injured;Sick;'2-0
Dennis/Wawo;Eka/Arya;Fit;Injured;Injured;Fit;'0-2
Moel/Arya;Wirawan/Eka;Fit;Sick;Recovery;Fit;'0-2
Dennis/Wirawan;Arya/Angga;Sick;Injured;Injured;Sick;'2-1
Wirawan/Moel;Wawo/David;Fit;Fit;Sick;Fit;'1-2
David/Dennis;Arya/Wawo;Recovery;Injured;Fit;Fit;'2-0
Wirawan/Angga;Moel/Arya;Injured;Injured;Injured;Sick;'2-1
Dennis/Angga;Wirawan/Wawo;Recovery;Sick;Fit;Recovery;'1-2
David/Wawo;Arya/Moel;Sick;Recovery;Fit;Recovery;'2-1
Dennis/Moel;Angga/Eka;Recovery;Injured;Fit;Recovery;'1-2
Angga/Dennis;Wawo/David;Recovery;Sick;Fit;Sick;'2-0
Wirawan/Wawo;Angga/Arya;Sick;Injured;Sick;Recovery;'2-0
Moel/Wirawan;Wawo/Dennis;Recovery;Injured;Sick;Recovery;'1-2
Moel/Dennis;Arya/Wirawan;Injured;Recovery;Fit;Injured;'0-2
Moel/Angga;Wirawan/Wawo;Recovery;Recovery;Sick;Sick;'0-2
Wawo/Dennis;Arya/Wirawan;Fit;Sick;Injured;Injured;'1-2
Wawo/David;Dennis/Moel;Sick;Sick;Sick;Recovery;'1-2
Arya/Angga;Moel/Wawo;Recovery;Sick;Fit;Injured;'1-2
David/Angga;Arya/Dennis;Sick;Fit;Fit;Sick;'0-2
Dennis/David;Wawo/Arya;Recovery;Injured;Recovery;Sick;'1-2
Dennis/Moel;Eka/Wawo;Fit;Fit;Injured;Sick;'2-1
Dennis/Arya;David/Wawo;Fit;Sick;Sick;Injured;'1-2
Arya/Angga;Moel/David;Fit;Fit;Fit;Fit;'2-0
Moel/David;Wirawan/Angga;Fit;Recovery;Recovery;Recovery;'0-2
Wawo/Moel;Angga/Arya;Recovery;Fit;Injured;Injured;'2-1
David/Angga;Arya/Wirawan;Sick;Recovery;Sick;Recovery;'2-0
Moel/Angga;Wawo/Eka;Injured;Injured;Recovery;Injured;'1-2
Arya/Wirawan;David/Wawo;Recovery;Fit;Fit;Recovery;'2-1
Wirawan/Arya;Angga/Moel;Fit;Injured;Sick;Fit;'2-0
Arya/David;Wawo/Moel;Sick;Injured;Recovery;Fit;'1-2
Moel/Wawo;Wirawan/Eka;Injured;Recovery;Fit;Recovery;'1-2
Dennis/Wawo;Wirawan/Angga;Recovery;Fit;Recovery;Injured;'2-1
Arya/Angga;Eka/Dennis;Sick;Fit;Sick;Recovery;'0-2
Dennis/Angga;Arya/Eka;Injured;Fit;Sick;Sick;'2-0
Moel/Dennis;Eka/David;Fit;Recovery;Injured;Sick;'2-0
Wawo/David;Dennis/Moel;Recovery;Recovery;Fit;Sick;'2-0
Dennis/Wirawan;Eka/Angga;Sick;Sick;Injured;Sick;'1-2
Moel/Wawo;Wirawan/David;Fit;Recovery;Injured;Sick;'0-2
Moel/David;Eka/Dennis;Sick;Recovery;Recovery;Sick;'2-0
Dennis/Wirawan;David/Eka;Injured;Recovery;Recovery;Sick;'2-0
David/Wirawan;Dennis/Angga;Fit;Injured;Recovery;Injured;'2-1
Arya/Dennis;Eka/Wawo;Fit;Sick;Sick;Sick;'0-2
Wirawan/Arya;David/Eka;Injured;Injured;Recovery;Sick;'2-1
Dennis/Angga;Wawo/Moel;Sick;Sick;Recovery;Recovery;'2-0
Wirawan/Dennis;Arya/Eka;Injured;Sick;Injured;Recovery;'0-2
Wirawan/Wawo;Eka/Moel;Injured;Fit;Sick;Injured;'2-1
Moel/Eka;Dennis/Wawo;Recovery;Fit;Sick;Fit;'0-2
Arya/Angga;Moel/Wirawan;Fit;Injured;Injured;Fit;'2-0
Arya/Eka;Moel/Wirawan;Recovery;Sick;Injured;Injured;'2-0
Arya/Dennis;Wirawan/David;Recovery;Fit;Injured;Sick;'2-1
Angga/Wirawan;Moel/Dennis;Fit;Recovery;Fit;Fit;'1-2
Angga/Moel;David/Wawo;Fit;Recovery;Fit;Injured;'1-2
Eka/Wirawan;Dennis/Angga;Sick;Injured;Sick;Recovery;'2-1
Moel/Eka;Wawo/Angga;Injured;Recovery;Sick;Fit;'1-2
Angga/Eka;Arya/Moel;Fit;Sick;Fit;Recovery;'0-2
Eka/Wawo;Dennis/Wirawan;Recovery;Fit;Injured;Injured;'0-2
Moel/David;Wawo/Wirawan;Fit;Fit;Sick;Injured;'0-2
Arya/Eka;Dennis/Wawo;Recovery;Injured;Injured;Sick;'2-1
Wawo/Arya;Eka/Moel;Recovery;Injured;Sick;Recovery;'2-0
Wawo/Wirawan;Arya/Eka;Injured;Injured;Recovery;Injured;'2-0
Eka/Moel;Dennis/Wirawan;Recovery;Fit;Recovery;Recovery;'2-0
Wawo/Angga;Moel/Arya;Fit;Recovery;Fit;Recovery;'2-0
David/Dennis;Angga/Eka;Fit;Fit;Injured;Injured;'1-2
Eka/David;Angga/Moel;Sick;Injured;Sick;Fit;'0-2
David/Arya;Dennis/Wawo;Recovery;Recovery;Recovery;Fit;'2-0
Arya/Eka;Moel/Wirawan;Injured;Injured;Sick;Injured;'2-1
Wirawan/Eka;Angga/Arya;Fit;Recovery;Fit;Fit;'1-2
Moel/David;Wirawan/Arya;Sick;Recovery;Recovery;Recovery;'0-2
Wawo/David;Angga/Arya;Sick;Fit;Injured;Recovery;'1-2
Wawo/Arya;Dennis/David;Injured;Fit;Recovery;Recovery;'0-2
Wawo/David;Angga/Arya;Recovery;Sick;Recovery;Fit;'2-0
David/Moel;Wawo/Dennis;Recovery;Sick;Fit;Recovery;'2-0
Wawo/Arya;Dennis/Wirawan;Injured;Recovery;Sick;Recovery;'2-0
Eka/Angga;Arya/Wawo;Fit;Fit;Sick;Injured;'2-0
Arya/Wirawan;David/Angga;Injured;Recovery;Sick;Recovery;'0-2
Dennis/David;Wirawan/Arya;Sick;Injured;Fit;Injured;'1-2
Wawo/Wirawan;David/Dennis;Recovery;Sick;Fit;Recovery;'1-2
David/Wawo;Moel/Arya;Fit;Recovery;Fit;Sick;'1-2
Moel/Wirawan;Angga/Dennis;Sick;Recovery;Recovery;Sick;'2-0
Wawo/Dennis;David/Moel;Fit;Recovery;Recovery;Sick;'2-0
David/Wawo;Eka/Dennis;Recovery;Sick;Sick;Fit;'1-2
Angga/Wawo;Eka/Dennis;Injured;Sick;Fit;Sick;'1-2
Angga/Wawo;Eka/David;Sick;Recovery;Recovery;Sick;'2-1
Moel/Arya;Dennis/Wirawan;Sick;Sick;Injured;Sick;'2-0
Angga/Eka;Wawo/Wirawan;Fit;Injured;Sick;Fit;'2-1
Dennis/Wirawan;Eka/David;Injured;Injured;Fit;Sick;'1-2
Arya/Wirawan;Dennis/David;Sick;Injured;Fit;Fit;'0-2
Wirawan/Dennis;Eka/Arya;Sick;Sick;Sick;Injured;'2-0
Eka/Arya;Angga/Wawo;Recovery;Recovery;Injured;Recovery;'1-2
David/Arya;Angga/Moel;Recovery;Injured;Fit;Sick;'0-2
Wirawan/Arya;Eka/Moel;Injured;Fit;Injured;Sick;'2-1
Moel/Wirawan;David/Eka;Fit;Sick;Recovery;Sick;'2-1
Wawo/Moel;Angga/Arya;Fit;Fit;Sick;Injured;'1-2
Wirawan/David;Moel/Arya;Recovery;Injured;Sick;Sick;'2-0
Wawo/Moel;Wirawan/Arya;Fit;Injured;Sick;Injured;'2-0
Eka/Arya;Angga/Moel;Injured;Recovery;Sick;Sick;'2-1
Wawo/David;Dennis/Moel;Fit;Fit;Injured;Fit;'0-2
David/Wawo;Dennis/Angga;Fit;Fit;Injured;Injured;'2-0
David/Angga;Moel/Eka;Injured;Injured;Injured;Sick;'0-2
Moel/Wawo;David/Angga;Fit;Fit;Injured;Sick;'2-0
David/Eka;Arya/Dennis;Sick;Recovery;Recovery;Fit;'2-0
Eka/Dennis;Wirawan/Moel;Injured;Recovery;Fit;Injured;'2-1
Angga/Wirawan;Wawo/Arya;Recovery;Sick;Sick;Recovery;'0-2
Wawo/Angga;David/Eka;Sick;Injured;Injured;Fit;'1-2
David/Arya;Angga/Wirawan;Recovery;Sick;Recovery;Fit;'1-2
Moel/David;Angga/Wawo;Sick;Recovery;Sick;Sick;'1-2
David/Arya;Angga/Eka;Recovery;Sick;Injured;Recovery;'2-0
Arya/Wirawan;David/Angga;Sick;Injured;Sick;Recovery;'2-1
Moel/Wirawan;David/Wawo;Injured;Fit;Fit;Recovery;'0-2
Wawo/Dennis;Arya/Moel;Recovery;Recovery;Recovery;Injured;'1-2
David/Arya;Angga/Eka;Fit;Injured;Recovery;Sick;'1-2
David/Moel;Dennis/Wirawan;Recovery;Recovery;Injured;Injured;'2-0
Wawo/Eka;David/Moel;Recovery;Sick;Injured;Recovery;'2-0
Arya/Wawo;Angga/Moel;Fit;Injured;Sick;Injured;'1-2
Dennis/David;Eka/Arya;Recovery;Injured;Injured;Injured;'2-1
Wirawan/David;Dennis/Arya;Fit;Sick;Recovery;Injured;'0-2
Arya/Moel;Dennis/Eka;Recovery;Recovery;Injured;Fit;'2-0
Moel/Dennis;Arya/Angga;Injured;Injured;Recovery;Sick;'2-0
Wawo/David;Arya/Eka;Injured;Recovery;Recovery;Sick;'1-2
David/Wawo;Eka/Dennis;Fit;Sick;Fit;Recovery;'1-2
Moel/Angga;David/Wawo;Fit;Fit;Sick;Fit;'2-1
David/Wirawan;Angga/Dennis;Sick;Sick;Injured;Recovery;'2-0
Wawo/Angga;David/Eka;Fit;Fit;Sick;Recovery;'1-2
Moel/Dennis;Wawo/Eka;Sick;Injured;Fit;Injured;'1-2
David/Angga;Moel/Dennis;Fit;Injured;Recovery;Recovery;'1-2
David/Dennis;Eka/Wirawan;Sick;Fit;Sick;Fit;'2-1
Dennis/Moel;Arya/Eka;Injured;Fit;Fit;Sick;'0-2
Wirawan/David;Arya/Dennis;Fit;Sick;Injured;Sick;'1-2
David/Moel;Eka/Dennis;Sick;Fit;Sick;Fit;'2-0
David/Wirawan;Dennis/Wawo;Fit;Recovery;Recovery;Sick;'2-0
Wirawan/Wawo;Arya/Angga;Recovery;Injured;Injured;Recovery;'0-2
Wawo/Angga;Eka/Dennis;Sick;Injured;Sick;Recovery;'2-0
Arya/Eka;Wawo/Dennis;Injured;Injured;Recovery;Recovery;'2-0
Wawo/Arya;Moel/Dennis;Recovery;Sick;Injured;Injured;'2-0
Eka/David;Arya/Dennis;Injured;Fit;Injured;Fit;'0-2
Angga/David;Arya/Dennis;Injured;Injured;Recovery;Injured;'1-2
Dennis/Eka;Moel/Wirawan;Sick;Sick;Sick;Recovery;'2-0
Arya/Wawo;Angga/David;Recovery;Recovery;Recovery;Recovery;'2-0
Eka/Wirawan;Moel/Dennis;Injured;Fit;Fit;Injured;'2-1
Angga/Dennis;David/Wawo;Recovery;Sick;Recovery;Sick;'2-1
Angga/David;Dennis/Wirawan;Recovery;Recovery;Fit;Injured;'0-2
Eka/Arya;David/Dennis;Injured;Injured;Fit;Fit;'1-2
Angga/Dennis;Moel/Eka;Fit;Injured;Fit;Injured;'0-2
David/Angga;Eka/Wawo;Sick;Fit;Sick;Recovery;'0-2
Dennis/David;Angga/Moel;Fit;Fit;Injured;Recovery;'0-2
Angga/Wawo;Wirawan/Eka;Sick;Recovery;Recovery;Sick;'2-1
Wawo/Moel;Eka/Angga;Recovery;Recovery;Fit;Fit;'0-2
Arya/Dennis;Angga/David;Injured;Sick;Recovery;Recovery;'2-1
Wawo/Eka;Arya/Wirawan;Sick;Recovery;Sick;Injured;'0-2
Dennis/Wirawan;Angga/Wawo;Fit;Injured;Sick;Injured;'1-2
Angga/David;Dennis/Eka;Injured;Recovery;Sick;Sick;'2-1
Angga/Wirawan;Moel/David;Fit;Fit;Injured;Recovery;'0-2
Eka/Angga;Arya/Wirawan;Fit;Recovery;Injured;Fit;'2-1
Arya/Wawo;Moel/David;Injured;Recovery;Recovery;Injured;'2-1
Moel/Eka;Dennis/David;Fit;Fit;Sick;Recovery;'0-2
Eka/Moel;Arya/Angga;Fit;Sick;Injured;Fit;'1-2
Angga/David;Arya/Wawo;Sick;Recovery;Sick;Recovery;'0-2
Moel/David;Arya/Eka;Recovery;Fit;Recovery;Recovery;'2-1
Eka/Angga;Wirawan/Wawo;Sick;Sick;Injured;Recovery;'0-2
Eka/David;Arya/Wirawan;Sick;Fit;Fit;Sick;'2-0
Arya/Angga;Wawo/Dennis;Fit;Recovery;Fit;Injured;'2-1
Wirawan/Eka;Moel/Arya;Injured;Injured;Injured;Sick;'0-2
Angga/Arya;Wirawan/Dennis;Fit;Recovery;Sick;Fit;'2-1
Wirawan/Wawo;Angga/Dennis;Recovery;Sick;Injured;Injured;'1-2
Wirawan/Arya;Dennis/Angga;Fit;Injured;Sick;Sick;'2-0
Wawo/Dennis;Moel/Wirawan;Recovery;Fit;Recovery;Injured;'0-2
Eka/Dennis;Moel/David;Sick;Sick;Recovery;Recovery;'0-2
Moel/Dennis;Arya/Wawo;Fit;Injured;Injured;Injured;'2-1
Eka/Arya;Dennis/Moel;Fit;Injured;Fit;Injured;'2-0
Moel/Dennis;Angga/Arya;Recovery;Injured;Recovery;Sick;'0-2
Arya/David;Wawo/Angga;Injured;Fit;Recovery;Sick;'0-2
Arya/Wirawan;David/Eka;Recovery;Injured;Fit;Sick;'0-2
Moel/David;Eka/Dennis;Injured;Recovery;Fit;Injured;'2-1
Arya/Moel;Dennis/David;Fit;Injured;Sick;Sick;'2-1
Eka/Dennis;Wirawan/Angga;Injured;Fit;Sick;Fit;'2-0
Eka/Wirawan;Angga/Moel;Recovery;Recovery;Injured;Fit;'0-2
Eka/Arya;Dennis/David;Injured;Recovery;Fit;Sick;'2-1
Wirawan/Wawo;Angga/David;Recovery;Fit;Sick;Injured;'2-0
Moel/Wirawan;David/Wawo;Recovery;Sick;Injured;Injured;'1-2
Dennis/David;Wirawan/Wawo;Recovery;Recovery;Recovery;Recovery;'0-2
David/Arya;Moel/Eka;Recovery;Recovery;Recovery;Injured;'0-2
David/Moel;Dennis/Eka;Fit;Fit;Fit;Fit;'0-2
Moel/Arya;Dennis/Wawo;Sick;Sick;Sick;Sick;'0-2
Angga/Arya;Wirawan/David;Recovery;Sick;Injured;Fit;'2-1
Wawo/Eka;Angga/Wirawan;Sick;Recovery;Injured;Fit;'2-1
Wirawan/Dennis;Moel/Angga;Recovery;Recovery;Sick;Fit;'2-0
Angga/Eka;Dennis/Arya;Recovery;Injured;Injured;Injured;'1-2
Moel/Wawo;Wirawan/David;Sick;Fit;Sick;Recovery;'1-2
Eka/Angga;Moel/Arya;Fit;Recovery;Injured;Recovery;'0-2
Arya/David;Eka/Wirawan;Fit;Injured;Recovery;Fit;'2-0
Moel/David;Arya/Wirawan;Injured;Recovery;Injured;Fit;'2-1
Eka/David;Wawo/Moel;Fit;Injured;Fit;Fit;'2-1
Angga/Moel;Wawo/Wirawan;Recovery;Fit;Injured;Injured;'2-1
Wirawan/Eka;David/Angga;Recovery;Sick;Recovery;Recovery;'2-1
Wirawan/Eka;Wawo/Arya;Sick;Injured;Fit;Sick;'2-1
Wawo/Eka;Moel/Dennis;Sick;Injured;Injured;Sick;'2-1
Eka/Wirawan;Arya/Dennis;Fit;Recovery;Recovery;Injured;'0-2
Eka/Moel;David/Angga;Sick;Sick;Injured;Fit;'2-0
Angga/Wirawan;Moel/David;Recovery;Fit;Injured;Sick;'1-2
Arya/Eka;Wawo/David;Injured;Sick;Injured;Sick;'0-2
Arya/Wirawan;Angga/Eka;Sick;Sick;Recovery;Injured;'1-2
Dennis/Eka;Moel/Wawo;Fit;Fit;Recovery;Injured;'2-0
Dennis/Wirawan;Eka/Moel;Fit;Injured;Sick;Injured;'0-2
Dennis/David;Angga/Wirawan;Fit;Sick;Injured;Injured;'2-1
Dennis/Arya;Wirawan/Angga;Recovery;Sick;Fit;Fit;'0-2
David/Moel;Dennis/Wawo;Fit;Recovery;Recovery;Sick;'2-0
Eka/Wirawan;David/Moel;Recovery;Injured;Recovery;Fit;'2-0
Eka/Arya;David/Wawo;Sick;Injured;Sick;Recovery;'0-2
Arya/Angga;Eka/Dennis;Recovery;Sick;Sick;Sick;'2-0
Wawo/Eka;Dennis/Moel;Fit;Injured;Fit;Sick;'0-2
Wirawan/Dennis;David/Arya;Sick;Recovery;Recovery;Fit;'2-0
Wawo/Arya;Eka/Moel;Recovery;Fit;Recovery;Fit;'2-0
Wawo/Angga;Wirawan/Eka;Fit;Fit;Injured;Sick;'0-2
Eka/Wirawan;Moel/David;Fit;Fit;Fit;Sick;'0-2
Wawo/David;Arya/Wirawan;Sick;Recovery;Sick;Fit;'2-0
Eka/Angga;David/Moel;Sick;Sick;Fit;Recovery;'1-2
Wawo/Wirawan;Eka/Moel;Recovery;Fit;Fit;Fit;'1-2
David/Arya;Wawo/Angga;Sick;Injured;Recovery;Recovery;'0-2
Wawo/Dennis;David/Arya;Injured;Sick;Recovery;Injured;'2-0
Wawo/David;Dennis/Angga;Fit;Sick;Fit;Injured;'0-2
Eka/Dennis;Arya/David;Recovery;Sick;Injured;Injured;'2-1
Wirawan/Wawo;Angga/Eka;Recovery;Sick;Recovery;Injured;'2-0
Angga/Wawo;Arya/Dennis;Recovery;Sick;Injured;Recovery;'1-2
Moel/Arya;Angga/David;Injured;Sick;Recovery;Injured;'2-1
Wirawan/Dennis;Wawo/David;Injured;Sick;Injured;Injured;'1-2
Eka/Moel;Wirawan/Wawo;Sick;Injured;Injured;Sick;'1-2
David/Moel;Arya/Angga;Sick;Recovery;Sick;Recovery;'0-2
Angga/Eka;Wawo/Moel;Recovery;Injured;Injured;Fit;'2-0
David/Dennis;Angga/Wirawan;Fit;Fit;Recovery;Sick;'0-2
Moel/David;Arya/Wawo;Sick;Injured;Fit;Injured;'0-2
Dennis/Arya;Eka/Wirawan;Injured;Sick;Sick;Injured;'1-2
David/Arya;Moel/Wawo;Sick;Injured;Fit;Fit;'2-0
Moel/Arya;Dennis/Wawo;Fit;Recovery;Injured;Injured;'2-1
Wawo/David;Wirawan/Angga;Sick;Sick;Fit;Injured;'1-2
Eka/Dennis;Wawo/Moel;Sick;Injured;Injured;Fit;'0-2
Arya/Wawo;Eka/David;Recovery;Fit;Recovery;Injured;'2-0
Eka/Wawo;Arya/Angga;Recovery;Sick;Fit;Sick;'2-1
Eka/Dennis;Wawo/Wirawan;Sick;Injured;Recovery;Sick;'0-2
Dennis/Moel;Wawo/Wirawan;Injured;Injured;Injured;Recovery;'2-0
David/Angga;Moel/Wawo;Recovery;Sick;Sick;Recovery;'1-2
Wirawan/Eka;Moel/Arya;Injured;Injured;Sick;Injured;'1-2
Wawo/Eka;Dennis/David;Sick;Recovery;Injured;Fit;'2-0
Wawo/Angga;Wirawan/Eka;Recovery;Recovery;Recovery;Recovery;'1-2
Arya/Dennis;Eka/Wawo;Injured;Sick;Injured;Recovery;'2-0
David/Dennis;Arya/Moel;Injured;Fit;Injured;Injured;'2-0
Arya/David;Moel/Wawo;Sick;Fit;Recovery;Sick;'2-1
Wirawan/Dennis;Moel/Wawo;Sick;Recovery;Injured;Fit;'2-0
Dennis/David;Angga/Wawo;Fit;Sick;Injured;Recovery;'2-0
Wirawan/Arya;Moel/Wawo;Injured;Recovery;Injured;Recovery;'0-2
Moel/Arya;David/Eka;Sick;Recovery;Recovery;Injured;'0-2
Wirawan/Angga;Arya/Wawo;Injured;Recovery;Recovery;Fit;'1-2
Eka/Dennis;David/Angga;Injured;Sick;Sick;Sick;'0-2
Arya/Angga;Eka/David;Injured;Recovery;Sick;Fit;'0-2
Arya/David;Wirawan/Moel;Recovery;Injured;Sick;Fit;'2-0
Eka/Arya;Wirawan/Dennis;Recovery;Sick;Injured;Sick;'0-2
Wawo/Arya;Angga/David;Sick;Injured;Sick;Sick;'0-2
Dennis/Wawo;Arya/Wirawan;Injured;Recovery;Recovery;Sick;'0-2
Eka/Moel;Angga/David;Recovery;Fit;Fit;Recovery;'2-0
Eka/Dennis;Angga/Moel;Sick;Recovery;Sick;Fit;'2-1
Angga/David;Wirawan/Wawo;Injured;Injured;Injured;Fit;'0-2
Wirawan/Dennis;Arya/Moel;Sick;Injured;Recovery;Fit;'1-2
Moel/Arya;David/Angga;Fit;Injured;Injured;Sick;'1-2
Angga/Arya;Wawo/Dennis;Fit;Fit;Injured;Sick;'1-2
Moel/Wawo;Eka/Arya;Injured;Injured;Sick;Recovery;'0-2
David/Wawo;Eka/Dennis;Sick;Injured;Sick;Injured;'2-1
Arya/Wirawan;Angga/Wawo;Recovery;Sick;Injured;Injured;'2-1
Wirawan/David;Arya/Angga;Fit;Sick;Recovery;Fit;'0-2
Wirawan/Eka;Moel/Wawo;Fit;Sick;Injured;Recovery;'0-2
Dennis/Eka;Angga/Arya;Sick;Fit;Sick;Recovery;'2-1
Moel/Wirawan;Wawo/Dennis;Sick;Injured;Fit;Injured;'2-1
David/Eka;Wirawan/Wawo;Recovery;Fit;Fit;Sick;'2-0
Wawo/David;Arya/Moel;Injured;Sick;Recovery;Fit;'2-0
Wirawan/Dennis;Arya/Eka;Recovery;Fit;Injured;Injured;'0-2
David/Wawo;Eka/Dennis;Recovery;Injured;Recovery;Injured;'2-0
Arya/Dennis;Eka/David;Fit;Fit;Sick;Sick;'0-2
David/Wawo;Wirawan/Eka;Injured;Injured;Sick;Recovery;'0-2
Moel/Eka;Angga/Wawo;Recovery;Fit;Fit;Sick;'2-1
Angga/Dennis;Wirawan/Eka;Sick;Injured;Injured;Recovery;'2-0
David/Moel;Wirawan/Dennis;Recovery;Injured;Fit;Fit;'0-2
Angga/Wirawan;Wawo/Arya;Fit;Injured;Injured;Fit;'0-2
Dennis/Arya;Moel/Eka;Recovery;Fit;Sick;Sick;'2-0
Wirawan/Eka;Dennis/Wawo;Recovery;Recovery;Recovery;Sick;'2-1
Wirawan/Angga;Dennis/Wawo;Recovery;Sick;Recovery;Injured;'0-2
Eka/Arya;Angga/David;Injured;Injured;Sick;Recovery;'1-2
Moel/Wawo;Angga/David;Injured;Recovery;Sick;Recovery;'2-1
Dennis/Angga;Wirawan/Arya;Injured;Recovery;Injured;Injured;'2-0
Eka/Arya;Dennis/Angga;Recovery;Injured;Recovery;Injured;'1-2
Wirawan/Angga;Wawo/Eka;Fit;Fit;Sick;Sick;'0-2
Wirawan/Eka;Wawo/Dennis;Fit;Sick;Recovery;Sick;'1-2
Angga/Moel;Wawo/Dennis;Injured;Sick;Recovery;Sick;'0-2
Arya/Eka;Moel/David;Recovery;Recovery;Sick;Sick;'2-0
Eka/Arya;Wirawan/Dennis;Sick;Fit;Recovery;Injured;'1-2
Wawo/Eka;David/Arya;Recovery;Injured;Fit;Recovery;'0-2
Eka/Angga;Dennis/Wirawan;Sick;Injured;Fit;Recovery;'0-2
Dennis/Eka;Arya/Wawo;Recovery;Injured;Injured;Fit;'0-2
Wawo/Dennis;Eka/Moel;Recovery;Injured;Injured;Fit;'2-0
Angga/David;Wawo/Dennis;Injured;Sick;Injured;Injured;'1-2
David/Wawo;Dennis/Moel;Injured;Injured;Recovery;Fit;'1-2
Wawo/Eka;Dennis/David;Recovery;Injured;Sick;Injured;'2-1
Angga/Eka;Dennis/Wawo;Fit;Sick;Sick;Fit;'0-2
Moel/Arya;Angga/Wirawan;Sick;Fit;Recovery;Fit;'0-2
Moel/Wawo;Wirawan/David;Fit;Injured;Injured;Sick;'2-1
Angga/Wawo;Arya/Dennis;Sick;Fit;Injured;Recovery;'2-0
Wawo/Angga;David/Arya;Injured;Fit;Injured;Injured;'1-2
Wirawan/David;Eka/Angga;Recovery;Fit;Fit;Recovery;'2-1
Eka/Dennis;Moel/Arya;Injured;Injured;Sick;Fit;'2-0
Wirawan/Wawo;Eka/Dennis;Recovery;Fit;Recovery;Fit;'2-0
Wawo/Eka;Wirawan/Angga;Fit;Sick;Sick;Recovery;'2-1
Arya/Wirawan;Angga/Wawo;Injured;Recovery;Recovery;Recovery;'0-2
Dennis/Wirawan;Wawo/Moel;Recovery;Fit;Injured;Injured;'2-0
Arya/Wawo;Wirawan/Moel;Recovery;Fit;Recovery;Injured;'2-1
Dennis/Wawo;Eka/David;Sick;Injured;Injured;Sick;'1-2
Wirawan/Eka;David/Wawo;Fit;Injured;Recovery;Sick;'2-1
Eka/Wawo;David/Angga;Injured;Recovery;Sick;Injured;'2-1
David/Wirawan;Moel/Angga;Recovery;Fit;Fit;Injured;'2-1
David/Wawo;Arya/Dennis;Recovery;Fit;Recovery;Fit;'1-2
Moel/Dennis;Eka/Wawo;Injured;Sick;Fit;Recovery;'2-1
Angga/Eka;Wirawan/Wawo;Recovery;Sick;Recovery;Recovery;'1-2
Wirawan/Dennis;Moel/David;Injured;Recovery;Sick;Sick;'2-0
Eka/Dennis;Wawo/Arya;Sick;Recovery;Fit;Recovery;'1-2
Eka/Angga;Wawo/Moel;Recovery;Recovery;Injured;Recovery;'2-1
Arya/Angga;Wirawan/David;Fit;Injured;Sick;Recovery;'2-0
Eka/Wawo;Arya/Wirawan;Injured;Recovery;Recovery;Recovery;'0-2
Arya/Eka;Wawo/Angga;Injured;Recovery;Sick;Recovery;'0-2
Arya/David;Moel/Wawo;Recovery;Sick;Injured;Fit;'2-1
David/Eka;Wawo/Dennis;Sick;Injured;Injured;Sick;'0-2
Wirawan/Eka;Wawo/Angga;Injured;Recovery;Fit;Fit;'2-1
Eka/Dennis;Arya/Wirawan;Injured;Sick;Fit;Recovery;'2-0
Eka/Wawo;Dennis/Angga;Fit;Fit;Recovery;Sick;'1-2
Angga/Wawo;Eka/Wirawan;Fit;Injured;Injured;Sick;'0-2
Dennis/Arya;Wirawan/Moel;Sick;Injured;Recovery;Fit;'0-2
Wirawan/Wawo;Eka/David;Recovery;Fit;Fit;Sick;'0-2
Angga/David;Dennis/Moel;Recovery;Recovery;Fit;Fit;'1-2
Wirawan/Angga;Arya/David;Fit;Injured;Sick;Recovery;'2-0
Moel/Dennis;Eka/Angga;Injured;Recovery;Injured;Injured;'1-2
Wawo/Moel;Wirawan/Angga;Fit;Injured;Sick;Sick;'0-2
David/Angga;Wawo/Wirawan;Injured;Fit;Fit;Fit;'0-2
Angga/Dennis;Eka/David;Fit;Fit;Sick;Injured;'2-0
Eka/Arya;Angga/Dennis;Fit;Recovery;Fit;Sick;'2-1
Angga/Wawo;Wirawan/Arya;Injured;Recovery;Fit;Injured;'2-1
Angga/Arya;Dennis/Wawo;Recovery;Fit;Recovery;Injured;'2-1
Moel/Arya;Angga/Dennis;Injured;Sick;Sick;Sick;'2-0
Dennis/Moel;Wirawan/Eka;Sick;Recovery;Injured;Injured;'0-2
David/Dennis;Arya/Wirawan;Recovery;Sick;Sick;Sick;'0-2
Dennis/Eka;Arya/Moel;Recovery;Sick;Sick;Recovery;'0-2
Eka/Dennis;Angga/David;Injured;Injured;Recovery;Fit;'1-2
Eka/Dennis;David/Arya;Recovery;Injured;Recovery;Sick;'2-1
Moel/Arya;David/Wawo;Recovery;Recovery;Recovery;Fit;'2-1
Moel/David;Arya/Angga;Sick;Fit;Injured;Fit;'1-2
Angga/Wawo;Moel/Arya;Sick;Fit;Sick;Recovery;'2-0
Eka/Wawo;Wirawan/Moel;Sick;Sick;Recovery;Fit;'2-1
Eka/Wirawan;Dennis/Moel;Injured;Sick;Fit;Injured;'0-2
Dennis/Eka;Moel/Arya;Fit;Fit;Fit;Fit;'0-2
Arya/Angga;Wawo/Moel;Injured;Recovery;Injured;Injured;'1-2
Arya/Dennis;Angga/David;Sick;Recovery;Recovery;Fit;'0-2
Arya/Eka;Wirawan/Wawo;Sick;Recovery;Recovery;Fit;'2-1
Dennis/Wirawan;Moel/David;Recovery;Fit;Recovery;Fit;'1-2
Angga/Wawo;Eka/Arya;Fit;Sick;Recovery;Recovery;'1-2
Wawo/David;Wirawan/Eka;Sick;Injured;Recovery;Injured;'1-2
Arya/David;Wawo/Dennis;Fit;Fit;Recovery;Fit;'2-1
Eka/Wawo;David/Wirawan;Injured;Recovery;Sick;Fit;'2-0
Dennis/David;Eka/Angga;Recovery;Injured;Recovery;Recovery;'1-2
Angga/Dennis;Eka/Wawo;Recovery;Fit;Sick;Fit;'1-2
Wawo/Dennis;Eka/Moel;Recovery;Fit;Sick;Recovery;'2-1
Arya/Angga;Wirawan/Wawo;Fit;Sick;Fit;Sick;'2-1
Wawo/David;Angga/Wirawan;Sick;Injured;Sick;Fit;'2-0
David/Dennis;Eka/Wirawan;Sick;Recovery;Fit;Injured;'2-0
Wirawan/Moel;Eka/Arya;Sick;Sick;Sick;Sick;'2-0
Dennis/David;Moel/Wawo;Recovery;Recovery;Injured;Recovery;'2-0
David/Angga;Eka/Arya;Sick;Sick;Fit;Fit;'1-2
David/Wawo;Dennis/Angga;Injured;Recovery;Recovery;Fit;'0-2
Moel/Dennis;Angga/Arya;Sick;Recovery;Recovery;Sick;'2-1
Angga/Dennis;Wawo/Wirawan;Recovery;Fit;Fit;Injured;'1-2
Angga/Eka;Dennis/Wirawan;Sick;Recovery;Fit;Sick;'1-2
Eka/Arya;Wirawan/Dennis;Recovery;Recovery;Fit;Fit;'2-1
Arya/Moel;Dennis/Wawo;Sick;Fit;Recovery;Fit;'2-0
Eka/Wirawan;Dennis/David;Sick;Fit;Injured;Injured;'1-2
Eka/Wirawan;Moel/Dennis;Sick;Fit;Sick;Injured;'2-1
Angga/Wawo;Dennis/Wirawan;Fit;Recovery;Injured;Fit;'1-2
Eka/Wawo;Moel/David;Injured;Fit;Sick;Sick;'1-2
Angga/Wawo;Arya/Dennis;Fit;Fit;Injured;Injured;'2-0
Wawo/Arya;Dennis/David;Sick;Fit;Injured;Injured;'1-2
